url,name,formula,rot,iso_rot,kra,ground_truth,img,in_dataset
https://cdnsciencepub.com/doi/10.1139/cjp-2019-0477,"2,3,4-trifluorotoluene",C_7 H_5 F_3,"[2085.9101, 1201.434445, 765.974221]","[['C', 2082.7023, 1195.46081, 763.1122], ['C', 2083.1198, 1199.87423, 764.96437], ['C', 2082.635, 1200.323, 765.082533], ['C', 2083.2674, 1196.27981, 763.521542], ['C', 2059.0178, 1200.06247, 761.765888], ['C', 2058.5583, 1200.02589, 761.687636], ['C', 2082.8237, 1176.99639, 755.560593], ['H', None, None, None], ['H', None, None, None], ['H', None, None, None], ['H', None, None, None], ['F', None, None, None], ['F', None, None, None], ['F', None, None, None], ['H', None, None, None]]","[['C', -1.4539, -0.6265, 0.0], ['C', -0.7531, 0.5763, 0.0], ['C', 0.6357, 0.6264, 0.0], ['C', 1.3523, -0.5655, 0.0], ['C', 0.6954, -1.785, 0.0], ['C', -0.7001, -1.8031, 0.0], ['C', -2.9568, -0.6178, 0.0], ['H', None, None, None], ['H', None, None, None], ['H', None, None, None], ['H', None, None, None], ['F', None, None, None], ['F', None, None, None], ['F', None, None, None], ['H', None, None, None]]","[['C', -1.4539, -0.6265, 0.0], ['C', -0.7531, 0.5763, 0.0], ['C', 0.6357, 0.6264, 0.0], ['C', 1.3523, -0.5655, 0.0], ['C', 0.6954, -1.785, 0.0], ['C', -0.7001, -1.8031, 0.0], ['C', -2.9568, -0.6178, 0.0], ['H', -1.216, -2.7527, 0.0], ['H', -3.3374, -1.6347, 0.0], ['H', -3.3445, -0.1035, 0.8762], ['H', -3.3445, -0.1035, -0.8762], ['F', 2.6944, -0.5066, 0.0], ['F', -1.4281, 1.7402, 0.0], ['F', 1.2712, 1.803, 0.0], ['H', 1.2761, -2.6946, 0.0]]",https://cdnsciencepub.com/cms/10.1139/cjp-2019-0477/asset/images/large/cjp-2019-0477f1.jpeg,no
https://cdnsciencepub.com/doi/10.1139/cjp-2019-0477,"2,4,5-trifluorotoluene",C_7 H_5 F_3,"[2269.3534, 1032.193, 712.627827]","[['C', 2263.7192, 1028.8396, 710.49982], ['C', 2265.2381, 1029.0963, 710.74454], ['C', 2250.183, 1032.215, 710.74034], ['C', 2264.77, 1029.42271, 710.856187], ['C', 2264.3957, 1029.40582, 710.811555], ['C', 2249.2041, 1032.23095, 710.639175], ['C', 2247.9333, 1018.3259, 703.899962], ['H', None, None, None], ['H', None, None, None], ['H', None, None, None], ['H', None, None, None], ['H', None, None, None], ['F', None, None, None], ['F', None, None, None], ['F', None, None, None]]","[['C', 1.2642, 0.7302, 0.0], ['C', 1.215, -0.6399, 0.0], ['C', 0.102, -1.3785, 0.0], ['C', -1.1489, -0.6735, 0.0], ['C', -1.1523, 0.7004, 0.0], ['C', 0.1339, 1.4175, 0.0], ['C', 2.5764, 1.4785, 0.0], ['H', None, None, None], ['H', None, None, None], ['H', None, None, None], ['H', None, None, None], ['H', None, None, None], ['F', None, None, None], ['F', None, None, None], ['F', None, None, None]]","[['C', 1.2635, 0.7493, 0.0], ['C', 1.2239, -0.6425, 0.0], ['C', 0.0473, -1.3766, 0.0], ['C', -1.1533, -0.6822, 0.0], ['C', -1.1599, 0.7073, 0.0], ['C', 0.0333, 1.4137, 0.0], ['C', 2.5763, 1.48, 0.0], ['H', 3.1656, 1.2196, 0.876], ['H', 3.1656, 1.2196, -0.876], ['H', 2.4131, 2.5534, 0.0], ['H', -0.0063, 2.4936, 0.0], ['H', 0.0599, -2.4553, 0.0], ['F', 2.3967, -1.3177, 0.0], ['F', -2.3165, -1.3524, 0.0], ['F', -2.3335, 1.3616, 0.0]]",https://cdnsciencepub.com/cms/10.1139/cjp-2019-0477/asset/images/large/cjp-2019-0477f2.jpeg,no
https://pubs.rsc.org/en/content/articlelanding/2020/CP/d0cp01141j,isoleucinol (I),C_6 H_15 O_1 N_1,"[3759.34376, 1062.44909, 880.24579]","[['C', 3745.439, 1055.21888, 874.74707], ['C', 3756.411, 1061.45345, 879.60403], ['C', 3756.186, 1061.18462, 879.34464], ['C', 3745.884, 1054.4778, 874.51694], ['C', 3755.137, 1039.47661, 864.3285], ['C', 3674.659, 1060.41821, 874.16456], ['O', 3757.59259, 1023.0706, 853.03472], ['N', 3690.03, 1060.34811, 875.01893], ['H', None, None, None], ['H', None, None, None], ['H', None, None, None], ['H', None, None, None], ['H', None, None, None], ['H', None, None, None], ['H', None, None, None], ['H', None, None, None], ['H', None, None, None], ['H', None, None, None], ['H', None, None, None], ['H', None, None, None], ['H', None, None, None], ['H', None, None, None], ['H', None, None, None]]",,,https://pubs.rsc.org/image/article/2020/cp/d0cp01141j/d0cp01141j-f2_hi-res.gif,no
https://pubs.rsc.org/en/content/articlelanding/2020/CP/d0cp01141j,isoleucinol (II),C_6 H_15 O_1 N_1,"[3170.22321, 1103.61682, 971.59291]","[['C', 3153.58, 1097.5552, 965.80927], ['C', 3165.81, 1102.31684, 970.32954], ['C', 3164.531, 1101.65514, 970.4469], ['C', 3155.143, 1097.81391, 966.74006], ['C', 3146.571, 1083.9272, 954.15626], ['C', 3115.826, 1097.4694, 962.94059], ['H', None, None, None], ['H', None, None, None], ['H', None, None, None], ['H', None, None, None], ['H', None, None, None], ['H', None, None, None], ['H', None, None, None], ['H', None, None, None], ['H', None, None, None], ['H', None, None, None], ['H', None, None, None], ['H', None, None, None], ['H', None, None, None], ['H', None, None, None], ['H', None, None, None]]",,,https://pubs.rsc.org/image/article/2020/cp/d0cp01141j/d0cp01141j-f2_hi-res.gif,no
https://pubs.rsc.org/en/content/articlelanding/2020/CP/d0cp01141j,isoleucinol (III),C_6 H_15 O_1 N_1,"[3067.56626, 1213.42566, 1010.54858]","[['C', 3059.714, 1204.58462, 1003.61816], ['C', 3066.875, 1212.83793, 1010.09609], ['C', 3057.472, 1210.9503, 1009.01817], ['C', 3060.334, 1201.14812, 1002.20154], ['C', 3043.051, 1193.35906, 997.17711], ['C', 3003.892, 1210.46269, 1001.52083], ['H', None, None, None], ['H', None, None, None], ['H', None, None, None], ['H', None, None, None], ['H', None, None, None], ['H', None, None, None], ['H', None, None, None], ['H', None, None, None], ['H', None, None, None], ['H', None, None, None], ['H', None, None, None], ['H', None, None, None], ['H', None, None, None], ['H', None, None, None], ['H', None, None, None]]",,,https://pubs.rsc.org/image/article/2020/cp/d0cp01141j/d0cp01141j-f2_hi-res.gif,no
https://www.sciencedirect.com/science/article/pii/S0022286020302337,2-ethylfuran (C1),C_6 H_8 O_1,"[6693.72695, 1947.754374, 1656.347742]","[['O', 6523.10957, 1945.18414, 1645.14961], ['C', 6682.26778, 1947.2211, 1655.80936], ['C', 6570.8614, 1943.22833, 1645.51033], ['C', 6671.19127, 1918.0689, 1634.19012], ['C', 6630.385, 1927.27946, 1637.6949], ['C', 6657.6487, 1925.86239, 1640.96918], ['C', 6660.8953, 1899.44059, 1622.34763], ['H', None, None, None], ['H', None, None, None], ['H', None, None, None], ['H', None, None, None], ['H', None, None, None], ['H', None, None, None], ['H', None, None, None], ['H', None, None, None]]","[['O', 0.3348, -0.9712, -0.2527], ['C', -0.143, 0.2816, -0.2261], ['C', 0.775, 1.1929, 0.059], ['C', 1.99287, 0.4396, 0.2623], ['C', 1.66247, -0.8579, 0.037], ['C', -1.64732, 0.4027, -0.5052], ['C', -2.51888, -0.2938, 0.5471], ['H', None, None, None], ['H', None, None, None], ['H', None, None, None], ['H', None, None, None], ['H', None, None, None], ['H', None, None, None], ['H', None, None, None], ['H', None, None, None]]","[['O', 0.32097, -0.97123, -0.24871], ['C', -0.19638, 0.301, -0.22152], ['C', 0.79637, 1.19157, 0.09027], ['C', 1.99411, 0.4342, 0.26086], ['C', 1.65208, -0.87013, 0.04623], ['C', -1.65379, 0.42289, -0.49336], ['C', -2.50951, -0.29756, 0.54964], ['H', 0.67766, 2.25827, 0.18145], ['H', 2.97514, 0.80194, 0.50885], ['H', 2.19977, -1.79558, 0.05973], ['H', -1.87348, 0.02654, -1.48768], ['H', -1.89787, 1.48607, -0.51541], ['H', -3.57005, -0.19042, 0.32458], ['H', -2.26749, -1.35829, 0.57029], ['H', -2.32457, 0.11201, 1.54161]]",https://ars.els-cdn.com/content/image/1-s2.0-S0022286020302337-gr1_lrg.jpg,yes
https://www.sciencedirect.com/science/article/pii/S0022286020302337,2-ethylfuran (Cs),C_6 H_8 O_1,"[7104.81359, 1933.284765, 1549.965675]","[['O', 6883.1842, 1924.47193, 1533.54897], ['C', 7102.97341, 1933.06076, 1549.73989], ['C', 6985.97511, 1932.57454, 1543.77919], ['C', 7020.94141, 1910.95621, 1531.62128], ['C', 7089.0064, 1905.23416, 1531.15234], ['C', 7061.08572, 1914.44973, 1535.7883], ['C', 7086.16188, 1882.84724, 1516.53197], ['H', None, None, None], ['H', None, None, None], ['H', None, None, None], ['H', None, None, None], ['H', None, None, None], ['H', None, None, None], ['H', None, None, None], ['H', None, None, None]]","[['O', -0.7766, -1.0839, 0.0], ['C', 0.1729, -0.134, 0.0], ['C', -0.3105, 1.1043, 0.0], ['C', -1.75009, 0.9328, 0.0], ['C', -1.96778, -0.403, 0.0], ['C', 1.60712, -0.6696, 0.0], ['C', 2.65413, 0.4413, 0.0], ['H', None, None, None], ['H', None, None, None], ['H', None, None, None], ['H', None, None, None], ['H', None, None, None], ['H', None, None, None], ['H', None, None, None], ['H', None, None, None]]","[['O', -0.78108, -1.08712, -0.00015], ['C', 0.2206, -0.14881, 1e-05], ['C', -0.3276, 1.10672, -0.00011], ['C', -1.74566, 0.93755, -1e-05], ['C', -1.96827, -0.40903, 0.0002], ['C', 1.61461, -0.67417, -1e-05], ['C', 2.64991, 0.4453, 9e-05], ['H', 0.21615, 2.03587, -0.0002], ['H', -2.49824, 1.70745, -1e-05], ['H', -2.85484, -1.01782, 0.00037], ['H', 1.75721, -1.31411, -0.87439], ['H', 1.75719, -1.31425, 0.87427], ['H', 3.65779, 0.0343, 8e-05], ['H', 2.53969, 1.0743, -0.88202], ['H', 2.53966, 1.07417, 0.88228]]",https://ars.els-cdn.com/content/image/1-s2.0-S0022286020302337-gr1_lrg.jpg,yes
https://pubs.acs.org/doi/full/10.1021/acscentsci.9b01277,2-deoxy-d-riboside (af-1),C_6 H_12 O_4,"[2056.39188, 1019.67311, 860.52781]","[['C', 2049.2702, 1016.90711, 858.93148], ['C', 2037.8316, 1015.84909, 859.89773], ['C', 2043.8605, 1019.06461, 857.92522], ['C', 2051.7887, 1017.27447, 859.65333], ['C', 2049.3594, 1008.34291, 852.9924], ['C', 2045.3385, 1002.97315, 847.49558], ['H', None, None, None], ['H', None, None, None], ['H', None, None, None], ['H', None, None, None], ['H', None, None, None], ['H', None, None, None], ['H', None, None, None], ['H', None, None, None], ['H', None, None, None], ['H', None, None, None], ['H', None, None, None], ['H', None, None, None], ['O', None, None, None], ['O', None, None, None], ['O', None, None, None], ['O', None, None, None]]","[['C', 0.891, 0.547, 0.749], ['C', 0.17, 0.628, 1.361], ['C', 0.533, 1.226, 0.1], ['C', 0.78, None, 0.751], ['C', 2.2272, 0.485, 0.79], ['C', 2.8222, 1.043, 0.534], ['H', None, None, None], ['H', None, None, None], ['H', None, None, None], ['H', None, None, None], ['H', None, None, None], ['H', None, None, None], ['H', None, None, None], ['H', None, None, None], ['H', None, None, None], ['H', None, None, None], ['H', None, None, None], ['H', None, None, None], ['O', None, None, None], ['O', None, None, None], ['O', None, None, None], ['O', None, None, None]]",,https://pubs.acs.org/cms/10.1021/acscentsci.9b01277/asset/images/large/oc9b01277_0002.jpeg,no
https://pubs.acs.org/doi/full/10.1021/acscentsci.9b01277,2-deoxy-d-riboside (bf-1),C_6 H_12 O_4,"[1890.65747, 1145.05589, 910.72056]","[['C', 1882.83837, 1144.17523, 908.33842], ['C', 1876.38801, 1141.43664, 908.93586], ['C', 1889.4699, 1137.98292, 906.46917], ['C', 1884.4565, 1141.54673, 908.96044], ['C', 1863.455, 1144.31271, 904.5098], ['C', 1887.27572, 1123.50991, 896.66275], ['H', None, None, None], ['H', None, None, None], ['H', None, None, None], ['H', None, None, None], ['H', None, None, None], ['H', None, None, None], ['H', None, None, None], ['H', None, None, None], ['H', None, None, None], ['H', None, None, None], ['H', None, None, None], ['H', None, None, None], ['O', None, None, None], ['O', None, None, None], ['O', None, None, None], ['O', None, None, None]]","[['C', 0.584, 1.058, None], ['C', 0.476, 0.926, 1.089], ['C', 1.6113, 0.12, 0.395], ['C', 0.881, 0.547, 0.765], ['C', 0.309, 1.9291, 0.443], ['C', 2.8897, 0.613, 0.355], ['H', None, None, None], ['H', None, None, None], ['H', None, None, None], ['H', None, None, None], ['H', None, None, None], ['H', None, None, None], ['H', None, None, None], ['H', None, None, None], ['H', None, None, None], ['H', None, None, None], ['H', None, None, None], ['H', None, None, None], ['O', None, None, None], ['O', None, None, None], ['O', None, None, None], ['O', None, None, None]]",,https://pubs.acs.org/cms/10.1021/acscentsci.9b01277/asset/images/large/oc9b01277_0002.jpeg,no
https://pubs.acs.org/doi/full/10.1021/acscentsci.9b01277,2-deoxy-d-riboside (ap-1),C_6 H_12 O_4,"[2153.8853, 1058.8982, 960.7432]","[['C', 2148.116, 1054.2212, 958.04619], ['C', 2129.689, 1055.0157, 959.0331], ['C', 2144.287, 1055.7623, 957.01031], ['C', 2150.876, 1053.3946, 955.85098], ['C', 2135.928, 1058.4495, 957.01519], ['C', 2145.042, 1040.0463, 946.7746], ['H', None, None, None], ['H', None, None, None], ['H', None, None, None], ['H', None, None, None], ['H', None, None, None], ['H', None, None, None], ['H', None, None, None], ['H', None, None, None], ['H', None, None, None], ['H', None, None, None], ['H', None, None, None], ['H', None, None, None], ['O', None, None, None], ['O', None, None, None], ['O', None, None, None], ['O', None, None, None]]","[['C', 1.219, None, 0.799], ['C', 0.12, 0.945, 1.335], ['C', 1.099, 0.92, 0.462], ['C', 1.56, 0.516, 0.257], ['C', 0.372, 1.384, 0.256], ['C', 2.779, 0.2, 0.978], ['H', None, None, None], ['H', None, None, None], ['H', None, None, None], ['H', None, None, None], ['H', None, None, None], ['H', None, None, None], ['H', None, None, None], ['H', None, None, None], ['H', None, None, None], ['H', None, None, None], ['H', None, None, None], ['H', None, None, None], ['O', None, None, None], ['O', None, None, None], ['O', None, None, None], ['O', None, None, None]]",,https://pubs.acs.org/cms/10.1021/acscentsci.9b01277/asset/images/large/oc9b01277_0002.jpeg,no
https://pubs.rsc.org/en/content/articlelanding/2022/CP/d1cp05632h,trans-2-naphthol,C_10 H_8 O_1,"[2845.3572, 825.5363521, 640.087128]","[['C', 2826.4266, 824.1206, 638.2765], ['C', 2844.7845, 819.7675, 636.5836], ['C', 2823.0746, 820.9595, 636.2098], ['C', 2801.4505, 825.1224, 637.5932], ['C', 2835.6648, 825.0998, 639.3556], ['C', 2824.4429, 819.89499, 635.61953], ['C', 2843.2229, 814.06279, 633.06372], ['C', 2829.0763, 815.8434, 633.4304], ['C', 2809.7545, 822.9028, 636.6802], ['C', 2839.3825, 825.4301, 639.7204], ['H', None, None, None], ['H', None, None, None], ['H', None, None, None], ['H', None, None, None], ['H', None, None, None], ['H', None, None, None], ['H', None, None, None], ['H', None, None, None], ['O', None, None, None]]",,,https://pubs.rsc.org/image/article/2022/cp/d1cp05632h/d1cp05632h-f1_hi-res.gif,unknown
https://pubs.rsc.org/en/content/articlelanding/2022/CP/d1cp05632h,cis-2-naphthol,C_10 H_8 O_1,"[2849.157, 824.63285, 639.72412]","[['C', 2830.202, 823.2344, 637.9165], ['C', 2848.666, 818.8827, 636.2285], ['C', 2827.105, 820.0495, 635.8482], ['C', 2805.5672, 824.2133, 637.243], ['C', 2839.6381, 824.2505, 639.0066], ['C', 2824.4429, 819.89499, 635.61953], ['C', 2847.1016, 813.1838, 632.7051], ['C', 2833.107, 814.9305, 633.0662], ['C', 2813.658, 821.9521, 636.3053], ['C', 2843.242, 824.5297, 639.3568], ['H', None, None, None], ['H', None, None, None], ['H', None, None, None], ['H', None, None, None], ['H', None, None, None], ['H', None, None, None], ['H', None, None, None], ['H', None, None, None], ['O', None, None, None]]",,,https://pubs.rsc.org/image/article/2022/cp/d1cp05632h/d1cp05632h-f1_hi-res.gif,unknown
https://pubs.rsc.org/en/content/articlelanding/2022/CP/d1cp05632h,cis-1-naphthol,C_10 H_8 O_1,"[1947.5134, 1124.30793, 713.0962]","[['C', 1944.27, 1119.6924, 710.6501], ['C', 1947.05, 1111.1331, 707.7129], ['C', 1928.561, 1115.1679, 706.8777], ['C', 1919.49, 1123.4788, 708.9618], ['C', 1940.959, 1123.9108, 712.0664], ['C', 1935.954, 1116.2582, 708.3112], ['C', 1947.019, 1105.6979, 705.4966], ['C', 1938.91, 1110.4222, 706.3493], ['C', 1932.316, 1121.6314, 709.9919], ['C', 1946.112, 1124.353, 712.9342], ['H', None, None, None], ['H', None, None, None], ['H', None, None, None], ['H', None, None, None], ['H', None, None, None], ['H', None, None, None], ['H', None, None, None], ['H', None, None, None], ['O', None, None, None]]",,,https://pubs.rsc.org/image/article/2022/cp/d1cp05632h/d1cp05632h-f1_hi-res.gif,unknown
https://pubs.rsc.org/en/content/articlelanding/2022/CP/d1cp05632h,trans-1-naphthol,C_10 H_8 O_1,"[1942.10135, 1133.62346, 716.01781]","[['C', 1938.111, 1128.9753, 713.6212], ['C', 1941.708, 1120.2048, 710.5892], ['C', 1923.445, 1124.2045, 709.7238], ['C', 1914.128, 1132.7282, 711.8268], ['C', 1935.515, 1133.2354, 714.9671], ['C', 1930.422, 1125.5056, 711.1919], ['C', 1941.572, 1114.8401, 708.4078], ['C', 1933.659, 1119.6065, 709.2674], ['C', 1927.071, 1130.9452, 712.9018], ['C', 1940.814, 1133.6683, 715.8612], ['H', None, None, None], ['H', None, None, None], ['H', None, None, None], ['H', None, None, None], ['H', None, None, None], ['H', None, None, None], ['H', None, None, None], ['H', None, None, None], ['O', None, None, None]]",,,https://pubs.rsc.org/image/article/2022/cp/d1cp05632h/d1cp05632h-f1_hi-res.gif,unknown
https://chemistry-europe.onlinelibrary.wiley.com/doi/full/10.1002/chem.201601201,enflurane (G+),C_3 H_2 Cl_1 F_5 O_1,"[1656.134974, 740.909748, 683.075497]","[['C', 1655.15802, 738.053618, 680.46307], ['C', 1653.53751, 740.64008, 682.85101], ['O', None, None, None], ['C', 1656.03508, 736.65391, 679.43146], ['F', None, None, None], ['H', None, None, None], ['Cl', 1640.53612, 730.734776, 671.970812], ['F', None, None, None], ['F', None, None, None], ['F', None, None, None], ['F', None, None, None], ['H', None, None, None]]","[['C', 1.6292, 0.438, None], ['C', 0.078, 0.486, 0.494], ['O', None, None, None], ['C', 1.9883, 0.152, None], ['F', None, None, None], ['H', None, None, None], ['Cl', 2.1742, 1.2076, 0.216], ['F', None, None, None], ['F', None, None, None], ['F', None, None, None], ['F', None, None, None], ['H', None, None, None]]","[['C', -1.639401, 0.413031, -0.02163], ['C', -0.194622, 0.50256, -0.504043], ['O', 0.642703, -0.019036, 0.427082], ['C', 1.98689, -0.060281, 0.078242], ['F', -1.752272, 1.128362, 1.122043], ['H', -2.290801, 0.840383, -0.785399], ['Cl', -2.104203, -1.256253, 0.24498], ['F', -0.076901, -0.121141, -1.693103], ['F', 0.090963, 1.805995, -0.73597], ['F', 2.296445, -1.29783, -0.331047], ['F', 2.679652, 0.19321, 1.189049], ['H', 2.243684, 0.657807, -0.700776]]",https://chemistry-europe.onlinelibrary.wiley.com/cms/asset/318433d7-7893-4149-b2cb-462990c834d8/chem201601201-fig-0001-m.jpg,yes
https://www.sciencedirect.com/science/article/pii/S0022286004008725,N-ethylformamide,C_3 H_7 N_1 O_1,"[9904.8373, 3521.0995, 2984.9808]","[['C', 9877.8923, 3480.5359, 2955.5852], ['O', 9646.5421, 3413.0511, 2885.8328], ['N', 9742.5757, 3520.7738, 2970.129], ['C', 9828.7665, 3487.535, 2964.8624], ['C', 9809.1684, 3439.0587, 2921.2094], ['H', None, None, None], ['H', None, None, None], ['H', None, None, None], ['H', None, None, None], ['H', None, None, None], ['H', None, None, None], ['H', None, None, None]]","[['C', 1.2742, 0.2776, 0.2564], ['O', 1.5075, 0.8417, 0.1614], ['N', 0.0713, 0.9249, 0.093], ['C', 1.0369, 0.2864, 0.5665], ['C', 1.8246, 0.6333, 0.3448], ['H', None, None, None], ['H', None, None, None], ['H', None, None, None], ['H', None, None, None], ['H', None, None, None], ['H', None, None, None], ['H', None, None, None]]",,https://ars.els-cdn.com/content/image/1-s2.0-S0022286004008725-gr1.gif,unknown
https://pubs.rsc.org/en/content/articlelanding/2015/cp/c5cp02582f,trans-cinnamaldehyde (s-trans-trans),C_9 H_8 O_1,"[4866.3795, 579.0596, 517.81608]","[['C', 4863.49, 571.91382, 512.04405], ['C', 4866.23, 576.58248, 515.80562], ['C', 4848.36, 578.55109, 517.21422], ['C', 4863.91, 578.894, 517.65356], ['C', 4791.14, 577.61341, 515.80867], ['C', 4823.39, 573.75216, 513.07512], ['C', 4860.67, 572.07195, 512.16369], ['C', 4780.37, 575.50095, 513.98454], ['C', 4813.79, 578.44614, 516.70858], ['H', None, None, None], ['H', None, None, None], ['H', None, None, None], ['H', None, None, None], ['H', None, None, None], ['H', None, None, None], ['H', None, None, None], ['H', None, None, None], ['O', None, None, None]]","[['C', 3.3089, 0.31446, 0], ['C', 1.9404, 0.2346, 0], ['C', 0.87748, 0.60873, 0], ['C', 0.5007, 0.23877, 0], ['C', 1.47934, 1.27512, 0], ['C', 2.84562, 0.97925, 0], ['C', 3.27169, 0.33589, 0], ['C', 2.32516, 1.37839, 0], ['C', 0.96338, 1.08289, 0], ['H', None, None, None], ['H', None, None, None], ['H', None, None, None], ['H', None, None, None], ['H', None, None, None], ['H', None, None, None], ['H', None, None, None], ['H', None, None, None], ['O', None, None, None]]",,https://pubs.rsc.org/image/article/2015/cp/c5cp02582f/c5cp02582f-f1_hi-res.gif,unknown
https://pubs.rsc.org/en/content/articlelanding/2019/CP/c9cp03904j,acetophenone,C_8 H_8 O_1,"[3688.0267, 1215.0491, 919.9144]","[['C', 3688.0297, 1195.8145, 908.8471], ['C', 3647.5047, 1204.9562, 911.6077], ['C', 3649.1986, 1214.4274, 917.1257], ['C', 3688.109, 1214.9904, 919.8906], ['C', 3649.5745, 1214.2504, 917.0483], ['C', 3652.138, 1204.3566, 911.5537], ['C', 3687.869, 1206.7535, 915.1419], ['C', 3652.2545, 1196.9384, 907.3087], ['H', None, None, None], ['H', None, None, None], ['H', None, None, None], ['H', None, None, None], ['H', None, None, None], ['H', None, None, None], ['H', None, None, None], ['H', None, None, None], ['O', None, None, None]]","[['C', 2.593, None, 0.0], ['C', 1.8659, 1.245, 0.0], ['C', 0.461, 1.211, 0.0], ['C', 0.13, None, 0.0], ['C', 0.523, 1.205, 0.0], ['C', 1.9216, 1.171, 0.0], ['C', 1.6951, 0.07, 0.0], ['C', 2.5082, 1.175, 0.0], ['H', None, None, None], ['H', None, None, None], ['H', None, None, None], ['H', None, None, None], ['H', None, None, None], ['H', None, None, None], ['H', None, None, None], ['H', None, None, None], ['O', None, None, None]]",,https://pubs.rsc.org/image/article/2019/cp/c9cp03904j/c9cp03904j-f1_hi-res.gif,unknown
https://pubs.aip.org/aip/jcp/article/157/14/144303/2841911/Probing-intra-and-inter-molecular-interactions,2'-aminoacetophenone,C_8 H_9 N_1 O_1,"[2234.13101, 1204.7082, 787.06785]","[['C', 2233.701, 1204.6435, 786.9872], ['C', 2224.933, 1203.8521, 785.5645], ['C', 2226.733, 1193.7312, 781.4629], ['C', 2233.045, 1185.653, 778.7506], ['C', 2211.466, 1194.818, 780.0314], ['C', 2213.398, 1204.081, 784.2114], ['C', 2233.81, 1196.7034, 783.6047], ['C', 2212.969, 1187.5288, 777.106], ['O', None, None, None], ['N', 2187.546, 1204.7111, 781.2105], ['H', None, None, None], ['H', None, None, None], ['H', None, None, None], ['H', None, None, None], ['H', None, None, None], ['H', None, None, None], ['H', None, None, None], ['H', None, None, None], ['H', None, None, None]]","[['C', 0.1499, 0.2089, 0.01], ['C', 0.5438, 0.9685, 0.05], ['C', 1.9638, 0.8762, 0.04], ['C', 2.6016, 0.3425, None], ['C', 1.8562, 1.5396, None], ['C', 0.4666, 1.4597, None], ['C', 1.6783, 0.1809, 0.02], ['C', 2.4546, 1.4966, 0.02], ['O', None, None, None], ['N', None, 2.206, 0.03], ['H', None, None, None], ['H', None, None, None], ['H', None, None, None], ['H', None, None, None], ['H', None, None, None], ['H', None, None, None], ['H', None, None, None], ['H', None, None, None], ['H', None, None, None]]","[['C', -0.2042, -0.2242, -0.0113], ['C', 0.5532, 0.9758, -0.0084], ['C', 1.9569, 0.8784, 0.0117], ['C', 2.598, -0.3475, 0.0199], ['C', 1.8555, -1.5322, 0.0052], ['C', 0.4734, -1.4571, -0.0097], ['C', -1.679, -0.1977, 0.0065], ['C', -2.4322, -1.5073, -0.0235], ['O', -2.3165, 0.8587, 0.0517], ['N', -0.0361, 2.2082, -0.0663], ['H', 2.539, 1.793, 0.0142], ['H', 3.6799, -0.3812, 0.0356], ['H', 2.3509, -2.4932, 0.0078], ['H', -0.1023, -2.3722, -0.0147], ['H', -3.4952, -1.2852, -0.0265], ['H', -2.1751, -2.0837, -0.9118], ['H', -2.1894, -2.1132, 0.8494], ['H', -1.0333, 2.2423, 0.0901], ['H', 0.5249, 3.0077, 0.1689]]",https://aipp.silverchair-cdn.com/aipp/content_public/journal/jcp/157/14/10.1063_5.0117516/2/144303_1_f5.jpeg?Expires=1690756228&Signature=1QXT7RUL2zcntxe-fOvBW-WnASSyezKczu~bewye-21wnQP2JQ9uMY6nwsIQYtEJrv6J3i5PlbFhvyrFP42hxJLGT52dXPGyTEP28RIwOa28ocYZFmII3lq0Ox~Ht8ZADEJpZ4IjQJlXrhVnabQdtA83rgTdkWqEBvZ1rnTtd4N4Mp97JiFkI84BaZNrRH53S2lTwavCN4yy4mdVMzorffHXaidIHBZr80x6mL8lCTKpa5WXS-ymW4c3aoPOR6soA-o3Um3ITsQS973shGxe0Nrm27ZbwBy7y8ILy5uWepgpgKKO1T3rnGKIAkYW2VSJvwZrT1Xzcze6RvpJTeHd5g__&Key-Pair-Id=APKAIE5G5CRDK6RD3PGA,no
https://pubs.acs.org/doi/full/10.1021/acs.jpca.5b10154,cyclopropyl (isocyanato) silane (gauche),C_4 H_7 N_1 O_1 Si_1,"[4995.55, 1094.9276, 942.7031]","[['H', None, None, None], ['C', 4978.52, 1089.1553, 938.9497], ['Si', 4938.11, 1094.6619, 940.5035], ['N', None, None, None], ['C', 4994.94, 1083.0338, 933.8703], ['O', None, None, None], ['H', None, None, None], ['H', None, None, None], ['C', 4991.87, 1075.9296, 928.4749], ['C', 4905.59, 1086.2743, 933.3917], ['H', None, None, None], ['H', None, None, None], ['H', None, None, None], ['H', None, None, None]]","[['H', None, None, None], ['C', 1.4587, 0.147, 0.5723], ['Si', 0.3081, 1.0808, 0.134], ['N', None, None, None], ['C', 2.2544, 0.084, 0.074], ['O', None, None, None], ['H', None, None, None], ['H', None, None, None], ['C', 2.8591, 0.268, 0.068], ['C', 1.892, 1.3361, 0.309], ['H', None, None, None], ['H', None, None, None], ['H', None, None, None], ['H', None, None, None]]","[['H', 1.4362303, -0.45184305, 1.5894711], ['C', 1.5352415, -0.17573746, 0.5544747], ['Si', 0.275602, 0.99243504, -0.10913735], ['N', -1.3007236, 0.2860426, -0.03271144], ['C', -2.3730333, -0.20182034, 0.0068906834], ['O', -3.4240892, -0.6801328, 0.04773375], ['H', 0.21089776, 2.2390568, 0.6648757], ['H', 0.55588925, 1.2891855, -1.5216504], ['C', 2.9920104, -0.09824234, 0.0480215], ['C', 2.1613476, -1.2596613, -0.3439423], ['H', 3.7635636, -0.24291983, 0.7784055], ['H', 3.2284536, 0.63506305, -0.6995628], ['H', 2.360454, -2.2079697, 0.11526871], ['H', 1.8246657, -1.3266093, -1.3608553]]",https://pubs.acs.org/cms/10.1021/acs.jpca.5b10154/asset/images/large/jp-2015-10154s_0005.jpeg,no
https://www.mdpi.com/1420-3049/26/17/5162,cyclododecanone,C_12 H_22 O_1,"[865.65313, 700.47778, 449.1701]","[['C', 864.8737, 694.12935, 446.644], ['C', 861.13503, 695.25709, 445.8214], ['C', 859.18593, 699.31745, 447.2179], ['C', 858.93471, 700.26558, 447.4311], ['C', 859.1591, 697.84486, 446.3518], ['C', 863.74937, 695.85541, 447.2838], ['C', 865.45973, 696.17817, 447.3455], ['O', None, None, None], ['C', 864.63984, 694.31823, 446.4771], ['C', 859.48402, 696.61313, 445.9561], ['C', 859.11877, 700.06292, 447.4101], ['C', 858.85381, 699.71525, 447.5108], ['C', 860.93795, 696.70868, 446.5277], ['H', None, None, None], ['H', None, None, None], ['H', None, None, None], ['H', None, None, None], ['H', None, None, None], ['H', None, None, None], ['H', None, None, None], ['H', None, None, None], ['H', None, None, None], ['H', None, None, None], ['H', None, None, None], ['H', None, None, None], ['H', None, None, None], ['H', None, None, None], ['H', None, None, None], ['H', None, None, None], ['H', None, None, None], ['H', None, None, None], ['H', None, None, None], ['H', None, None, None], ['H', None, None, None], ['H', None, None, None]]","[['C', 2.4947, 0.3931, 0.6193], ['C', 2.3021, 1.7832, 0.1], ['C', 0.9169, 2.023, 0.5807], ['C', 0.144, 2.0919, 0.4476], ['C', 1.6219, 2.1208, 0.105], ['C', 2.0287, 0.8018, 0.8186], ['C', 2.1138, 0.376, None], ['O', None, None, None], ['C', 2.4986, 0.7512, 0.3839], ['C', 1.9629, 2.0689, 0.198], ['C', 0.4537, 2.0585, 0.4678], ['C', 0.4142, 2.0047, 0.786], ['C', 1.901, 1.7509, 0.469], ['H', None, None, None], ['H', None, None, None], ['H', None, None, None], ['H', None, None, None], ['H', None, None, None], ['H', None, None, None], ['H', None, None, None], ['H', None, None, None], ['H', None, None, None], ['H', None, None, None], ['H', None, None, None], ['H', None, None, None], ['H', None, None, None], ['H', None, None, None], ['H', None, None, None], ['H', None, None, None], ['H', None, None, None], ['H', None, None, None], ['H', None, None, None], ['H', None, None, None], ['H', None, None, None], ['H', None, None, None]]","[['C', -2.477102, 0.473776, 0.59539], ['C', -2.219709, 1.839251, -0.060884], ['C', -0.79469, 2.011193, -0.611634], ['C', 0.287131, 2.077147, 0.472622], ['C', 1.726226, 2.073248, -0.062762], ['C', 2.12847, 0.76481, -0.752025], ['C', 2.16812, -0.443034, 0.177685], ['O', 2.402531, -0.323466, 1.362264], ['C', -2.497041, -0.703266, -0.398968], ['C', -1.985902, -2.028011, 0.188259], ['C', -0.479885, -2.039958, 0.493215], ['C', 0.401886, -1.997401, -0.759588], ['C', 1.901081, -1.799833, -0.449957], ['H', -1.718883, 0.301438, 1.364077], ['H', -3.431469, 0.504772, 1.130925], ['H', -2.939769, 1.985736, -0.874717], ['H', -2.416071, 2.633876, 0.668397], ['H', -3.51842, -0.842823, -0.767687], ['H', -1.903505, -0.452524, -1.28298], ['H', -0.578278, 1.192805, -1.305443], ['H', -0.749862, 2.926956, -1.212547], ['H', -2.537131, -2.246231, 1.110186], ['H', -2.216452, -2.84517, -0.505781], ['H', 0.134209, 2.985729, 1.065742], ['H', 0.178419, 1.244597, 1.172236], ['H', -0.228136, -1.200972, 1.147737], ['H', -0.232244, -2.940115, 1.0661], ['H', 2.413604, 2.248969, 0.767966], ['H', 1.860343, 2.898833, -0.770594], ['H', 0.281433, -2.929636, -1.321099], ['H', 0.068881, -1.198949, -1.42861], ['H', 1.491265, 0.546967, -1.612707], ['H', 3.145478, 0.854421, -1.157825], ['H', 2.251953, -2.568962, 0.24165], ['H', 2.472888, -1.879525, -1.381256]]",https://www.mdpi.com/molecules/molecules-26-05162/article_deploy/html/images/molecules-26-05162-g002.png,no
https://www.sciencedirect.com/science/article/pii/S0022285212001075,delta-valerolactam,C_5 H_9 N_1 O_1,"[4590.9107, 2495.0392, 1731.055]","[['N', 4537.26, 2493.635, 1722.705], ['C', 4591.09, 2481.339, 1724.486], ['C', 4520.36, 2493.924, 1720.576], ['C', 4528.26, 2476.851, 1714.485], ['C', 4586.77, 2454.0144, 1711.834], ['C', 4524.46, 2479.8, 1714.522], ['H', None, None, None], ['H', None, None, None], ['H', None, None, None], ['H', None, None, None], ['H', None, None, None], ['H', None, None, None], ['H', None, None, None], ['H', None, None, None], ['H', None, None, None], ['O', None, None, None]]","[['N', 0.338, -1.149, -0.02], ['C', 1.061, -0.076, -0.03], ['C', 0.273, 1.31, -0.13], ['C', -1.175, 1.207, 0.312], ['C', -1.817, -0.07, -0.326], ['C', -1.099, -1.275, 0.16], ['H', None, None, None], ['H', None, None, None], ['H', None, None, None], ['H', None, None, None], ['H', None, None, None], ['H', None, None, None], ['H', None, None, None], ['H', None, None, None], ['H', None, None, None], ['O', None, None, None]]",,https://ars.els-cdn.com/content/image/1-s2.0-S0022285212001075-gr3.jpg,unknown
https://www.sciencedirect.com/science/article/pii/S002228521730214X,verbenone,C_10 H_14 O_1,"[1338.4458, 1212.0286, 895.8775]","[['C', 1335.6326, 1207.6719, 892.2416], ['C', 1337.9376, 1204.3764, 891.5788], ['H', None, None, None], ['C', 1332.9562, 1211.1104, 893.8687], ['H', None, None, None], ['C', 1337.94, 1207.6192, 893.4694], ['C', 1334.2553, 1209.6121, 893.7174], ['H', None, None, None], ['C', 1328.2245, 1203.2157, 895.629], ['H', None, None, None], ['H', None, None, None], ['C', 1324.3619, 1198.1496, 882.1853], ['H', None, None, None], ['H', None, None, None], ['H', None, None, None], ['C', 1337.1963, 1191.7363, 884.1932], ['H', None, None, None], ['H', None, None, None], ['H', None, None, None], ['C', 1326.9746, 1199.4878, 894.0249], ['H', None, None, None], ['H', None, None, None], ['H', None, None, None], ['C', 1331.3406, 1210.8618, 892.0564], ['O', 1294.4149, 1205.7917, 872.9259]]","[['C', 1.216, -0.91, -0.02], ['C', 1.6168, 0.338, 0.193], ['H', None, None, None], ['C', -0.12, -1.12, -0.553], ['H', None, None, None], ['C', -1.205, -0.27, 0.271], ['C', -0.704, 0.933, -0.576], ['H', None, None, None], ['C', -0.388, -0.06, -1.707], ['H', None, None, None], ['H', None, None, None], ['C', 2.0775, -2.1134, 0.218], ['H', None, None, None], ['H', None, None, None], ['H', None, None, None], ['C', -2.6572, -0.647, None], ['H', None, None, None], ['H', None, None, None], ['H', None, None, None], ['C', -1.056, -0.193, 1.8051], ['H', None, None, None], ['H', None, None, None], ['H', None, None, None], ['C', 0.618, 1.429, -0.02], ['O', 0.841, 2.6052, 0.216]]","[['C', 1.201, -0.935, -0.03], ['C', 1.618, 0.321, 0.195], ['H', 2.602, 0.565, 0.573], ['C', -0.201, -1.111, -0.559], ['H', -0.451, -2.157, -0.741], ['C', -1.217, -0.25, 0.288], ['C', -0.682, 0.952, -0.575], ['H', -1.337, 1.801, -0.759], ['C', -0.393, -0.076, -1.704], ['H', -1.262, -0.272, -2.325], ['H', 0.473, 0.11, -2.336], ['C', 2.027, -2.15, 0.222], ['H', 3.023, -1.898, 0.584], ['H', 1.538, -2.793, 0.96], ['H', 2.124, -2.746, -0.691], ['C', -2.669, -0.59, -0.042], ['H', -2.94, -1.551, 0.403], ['H', -3.334, 0.167, 0.378], ['H', -2.867, -0.651, -1.11], ['C', -1.071, -0.19, 1.802], ['H', -1.728, 0.584, 2.206], ['H', -1.371, -1.141, 2.249], ['H', -0.058, 0.033, 2.126], ['C', 0.657, 1.42, -0.024], ['O', 0.899, 2.585, 0.225]]",https://ars.els-cdn.com/content/image/1-s2.0-S002228521730214X-gr1_lrg.jpg,yes
https://chemistry-europe.onlinelibrary.wiley.com/doi/full/10.1002/cphc.201800647,beta-estradiol (tg(+)),C_18 H_24 O_2,"[939.5941, 174.817044, 155.343474]","[['C', 935.442, 174.396, 154.91436], ['C', 935.81985, 173.87482, 154.49729], ['C', 939.39846, 173.6033, 154.36545], ['C', 938.09559, 173.94533, 154.61979], ['C', 938.27788, 174.50734, 155.04509], ['C', 931.43437, 174.70332, 154.98799], ['C', 931.7464, 174.8079, 155.13409], ['C', 938.46308, 174.79723, 155.30446], ['C', 938.6545, 174.795095, 155.33604], ['H', None, None, None], ['H', None, None, None], ['C', 939.2348, 174.6183, 155.18657], ['C', 934.28166, 174.8095, 155.19413], ['C', 933.78937, 174.59453, 155.02786], ['C', 939.01256, 174.42697, 155.01551], ['C', 938.44316, 174.58268, 155.14569], ['C', 933.71626, 174.31684, 154.79017], ['C', 937.18377, 173.7113, 154.4074], ['O', None, None, None], ['O', None, None, None], ['C', 939.1732, 173.8547, 154.5694], ['C', 933.99017, 174.2851, 155.01268], ['H', None, None, None], ['H', None, None, None], ['H', None, None, None], ['H', None, None, None], ['H', None, None, None], ['H', None, None, None], ['H', None, None, None], ['H', None, None, None], ['H', None, None, None], ['H', None, None, None], ['H', None, None, None], ['H', None, None, None], ['H', None, None, None], ['H', None, None, None], ['H', None, None, None], ['H', None, None, None], ['H', None, None, None], ['H', None, None, None], ['H', None, None, None], ['H', None, None, None], ['H', None, None, None], ['H', None, None, None]]","[['C', 2.60742, 1.4883, 0.42314], ['C', 3.9559, 1.47497, 0.08907], ['C', 4.51246, 0.50827, None], ['C', 3.79844, 0.89648, 0.24511], ['C', 2.3064, 0.972, None], ['C', 1.52086, 2.27121, None], ['C', 0.08504, 2.0938, 0.38316], ['C', 0.49939, 0.75394, 0.28133], ['C', None, 0.40611, 0.61049], ['H', None, None, None], ['H', None, None, None], ['C', 1.78578, 0.31875, 0.32175], ['C', 0.3153, 1.74141, 0.16145], ['C', 1.86527, 1.7733, 0.4517], ['C', 2.55139, 0.61341, None], ['C', 1.91977, 0.68054, 0.44361], ['C', 2.87422, 1.83628, 0.16146], ['C', 4.28575, 1.16734, 0.17586], ['O', None, None, None], ['O', None, None, None], ['C', 4.00383, 0.51677, None], ['C', 2.50293, 0.81847, 1.6016], ['H', None, None, None], ['H', None, None, None], ['H', None, None, None], ['H', None, None, None], ['H', None, None, None], ['H', None, None, None], ['H', None, None, None], ['H', None, None, None], ['H', None, None, None], ['H', None, None, None], ['H', None, None, None], ['H', None, None, None], ['H', None, None, None], ['H', None, None, None], ['H', None, None, None], ['H', None, None, None], ['H', None, None, None], ['H', None, None, None], ['H', None, None, None], ['H', None, None, None], ['H', None, None, None], ['H', None, None, None]]","[['C', -1.917971, 0.720306, -0.370334], ['C', -0.444798, 0.806179, 0.028129], ['C', -2.611075, -0.565309, 0.148154], ['C', 0.302084, -0.419955, -0.557647], ['C', -4.040405, -0.310892, -0.398323], ['C', 2.603396, -1.507653, -0.347586], ['C', 3.823545, 0.898459, 0.231033], ['C', 3.978676, -1.471952, -0.138173], ['C', -2.658226, -0.660844, 1.68661], ['H', -5.035555, -1.987621, -0.17278], ['H', 6.360227, -1.001254, 0.286745], ['C', 4.593469, -0.256498, 0.155302], ['C', -2.897883, 1.85145, 0.003381], ['C', 0.253293, 2.087861, -0.435003], ['C', -1.880745, -1.780941, -0.441651], ['C', -4.299774, 1.185399, -0.11363], ['C', -0.367624, -1.748809, -0.140579], ['C', 1.666555, 2.161271, 0.145285], ['O', -5.088616, -1.092184, 0.175693], ['O', 5.94292, -0.138055, 0.373265], ['C', 1.804375, -0.360319, -0.269811], ['C', 2.442639, 0.862187, 0.022422], ['H', -1.935529, 0.647997, -1.469953], ['H', -0.371647, 0.767621, 1.123892], ['H', 0.185195, -0.342858, -1.651103], ['H', -2.71716, 2.206383, 1.02247], ['H', -2.79621, 2.716355, -0.655379], ['H', 0.292911, 2.101924, -1.531908], ['H', -0.313335, 2.972308, -0.129028], ['H', -2.30349, -2.718506, -0.059936], ['H', -2.025974, -1.78901, -1.530325], ['H', -4.022069, -0.482653, -1.484042], ['H', -3.117704, 0.217785, 2.143198], ['H', -3.257799, -1.52399, 1.984185], ['H', -1.664515, -0.775906, 2.121879], ['H', -4.910562, 1.633207, -0.900016], ['H', -4.86897, 1.268666, 0.814878], ['H', 0.100555, -2.585, -0.66632], ['H', -0.189126, -1.923756, 0.925696], ['H', 2.234375, 2.968665, -0.327921], ['H', 1.600734, 2.424416, 1.209434], ['H', 2.152447, -2.464197, -0.580574], ['H', 4.318015, 1.837676, 0.455498], ['H', 4.564976, -2.383908, -0.205731]]",https://chemistry-europe.onlinelibrary.wiley.com/cms/asset/8c51ea6e-eaef-4b0b-974b-0eacdcbe6301/cphc201800647-fig-0007-m.jpg,yes
https://pubs.acs.org/doi/full/10.1021/acs.jpca.2c04855,cycloundecanone,C_11 H_20 O_1,"[1074.9915, 873.62177, 571.36275]","[['C', 1070.61474, 868.31556, 568.0846], ['C', 1074.6889, 863.7285, 567.1682], ['C', 1071.87157, 864.46362, 566.6865], ['C', 1068.0651, 871.4715, 568.948], ['C', 1066.26487, 873.01809, 569.124], ['C', 1063.5509, 870.85511, 567.0483], ['C', 1071.6359, 866.6977, 567.688], ['C', 1074.605, 865.35317, 567.9175], ['C', 1070.23351, 866.55587, 567.1352], ['C', 1067.0589, 871.48832, 569.3125], ['C', 1069.3991, 873.39784, 569.6774], ['O', None, None, None], ['H', None, None, None], ['H', None, None, None], ['H', None, None, None], ['H', None, None, None], ['H', None, None, None], ['H', None, None, None], ['H', None, None, None], ['H', None, None, None], ['H', None, None, None], ['H', None, None, None], ['H', None, None, None], ['H', None, None, None], ['H', None, None, None], ['H', None, None, None], ['H', None, None, None], ['H', None, None, None], ['H', None, None, None], ['H', None, None, None], ['H', None, None, None], ['H', None, None, None]]","[['C', 1.81982, 1.3428, 0.4235], ['C', 2.5557, 0.159, 0.332], ['C', 2.44397, 1.1589, 0.318], ['C', 1.0208, 1.6488, 0.6047], ['C', 0.124, 1.8624, 0.6241], ['C', 1.2957, 2.251, 0.291], ['C', 2.0963, 1.1592, 0.433], ['C', 2.3182, 0.062, 0.4098], ['C', 2.1299, 1.4395, 0.3302], ['C', 0.735, 1.6263, 0.9347], ['C', 0.388, 1.5727, None], ['O', None, None, None], ['H', None, None, None], ['H', None, None, None], ['H', None, None, None], ['H', None, None, None], ['H', None, None, None], ['H', None, None, None], ['H', None, None, None], ['H', None, None, None], ['H', None, None, None], ['H', None, None, None], ['H', None, None, None], ['H', None, None, None], ['H', None, None, None], ['H', None, None, None], ['H', None, None, None], ['H', None, None, None], ['H', None, None, None], ['H', None, None, None], ['H', None, None, None], ['H', None, None, None]]","[['C', -1.82745, -1.401621, -0.37258], ['C', -2.566201, -0.257024, 0.356707], ['C', -2.453533, 1.113993, -0.330019], ['C', -1.030373, 1.604595, -0.623496], ['C', -0.158422, 1.836667, 0.614554], ['C', 1.293338, 2.223804, 0.287235], ['C', 2.103168, 1.130477, -0.430736], ['C', 2.333211, -0.136651, 0.423352], ['C', 2.127009, -1.471669, -0.310712], ['C', 0.720242, -1.666957, -0.887485], ['C', -0.403224, -1.613015, 0.133464], ['O', -0.194698, -1.767257, 1.319112], ['H', -1.840736, -1.251001, -1.455721], ['H', -2.194261, -0.214207, 1.38342], ['H', -3.627374, -0.510897, 0.428515], ['H', -2.971211, 1.853581, 0.292255], ['H', -3.005446, 1.074042, -1.276885], ['H', -1.092406, 2.539976, -1.192372], ['H', -0.544575, 0.890833, -1.294546], ['H', 1.806674, 2.488465, 1.218988], ['H', 1.599806, 0.873255, -1.367214], ['H', 3.068207, 1.549492, -0.732043], ['H', 3.350959, -0.121782, 0.825026], ['H', 1.674768, -0.126812, 1.293396], ['H', 2.339497, -2.287741, 0.384971], ['H', 2.846466, -1.559934, -1.132673], ['H', 0.643469, -2.650997, -1.371333], ['H', 0.507471, -0.948058, -1.682924], ['H', 1.290751, 3.130751, -0.329482], ['H', -0.164085, 0.946049, 1.24811], ['H', -0.610342, 2.632542, 1.217847], ['H', -2.34663, -2.345103, -0.171929]]",https://pubs.acs.org/cms/10.1021/acs.jpca.2c04855/asset/images/large/jp2c04855_0002.jpeg,no
https://pubs.rsc.org/en/content/articlelanding/2019/CP/c9cp05583e,trans-thymol-A,C_10 H_14 O_1,"[2034.068, 739.18202, 591.51673]","[['C', 2047.4951, 739.13783, 590.83356], ['C', 2048.256, 736.5987, 589.2441], ['C', 2055.449, 733.88943, 588.09237], ['C', 2039.283, 736.85042, 588.65962], ['C', 2040.516, 739.1859, 590.2372], ['C', 2055.658, 738.78814, 591.2752], ['C', 2055.692, 734.3329, 588.44167], ['C', 2042.7028, 730.1421, 586.63359], ['C', 2037.441, 730.37175, 584.90937], ['C', 2055.13, 724.46602, 582.02802], ['H', None, None, None], ['H', None, None, None], ['H', None, None, None], ['H', None, None, None], ['H', None, None, None], ['H', None, None, None], ['H', None, None, None], ['H', None, None, None], ['H', None, None, None], ['H', None, None, None], ['H', None, None, None], ['H', None, None, None], ['H', None, None, None], ['H', None, None, None], ['O', None, None, None]]","[['C', 0.103, 0.9963, 0.1763], ['C', 1.5464, 0.9627, 0.099], ['C', 2.22311, 0.2477, 0.068], ['C', 1.4668, 1.4216, 0.099], ['C', None, 1.3682, None], ['C', 0.5867, 0.135, 0.149], ['C', 2.1196, None, 0.194], ['C', 2.64562, 0.3609, 1.222], ['C', 2.79723, 1.3643, 0.65], ['C', 3.72908, 0.2838, 0.161], ['H', None, None, None], ['H', None, None, None], ['H', None, None, None], ['H', None, None, None], ['H', None, None, None], ['H', None, None, None], ['H', None, None, None], ['H', None, None, None], ['H', None, None, None], ['H', None, None, None], ['H', None, None, None], ['H', None, None, None], ['H', None, None, None], ['H', None, None, None], ['O', None, None, None]]",,https://pubs.rsc.org/image/article/2019/cp/c9cp05583e/c9cp05583e-f3_hi-res.gif,unknown
https://pubs.rsc.org/en/content/articlelanding/2019/CP/c9cp05583e,linalool,C_10 H_18 O_1,"[1646.73627, 682.19766, 618.75034]","[['O', None, None, None], ['C', 1646.4221, 679.64186, 616.62645], ['C', 1634.771, 680.57096, 616.60856], ['C', 1632.25, 680.5122, 617.9447], ['C', 1642.9206, 673.28321, 611.36498], ['C', 1638.6873, 679.27907, 615.6117], ['C', 1640.4013, 680.3364, 616.49375], ['C', 1646.8114, 677.40273, 614.80495], ['C', 1639.9475, 671.10972, 610.41089], ['C', 1636.0335, 676.77637, 613.33782], ['C', 1620.0631, 680.88714, 613.86295], ['H', None, None, None], ['H', None, None, None], ['H', None, None, None], ['H', None, None, None], ['H', None, None, None], ['H', None, None, None], ['H', None, None, None], ['H', None, None, None], ['H', None, None, None], ['H', None, None, None], ['H', None, None, None], ['H', None, None, None], ['H', None, None, None], ['H', None, None, None], ['H', None, None, None], ['H', None, None, None], ['H', None, None, None], ['H', None, None, None]]","[['O', None, None, None], ['C', 1.66767, 0.2086, 0.124], ['C', 1.0868, 1.2858, 0.7783], ['C', 0.3, 0.9788, 1.3324], ['C', 3.08205, 0.6273, 0.5795], ['C', 1.70928, 1.1191, 0.5191], ['C', 1.3853, 1.0396, 0.3364], ['C', 2.29539, None, None], ['C', 3.32764, 0.3101, 1.0982], ['C', 2.3584, 1.288, -0.6164], ['C', -1.1951, 2.25802, None], ['H', None, None, None], ['H', None, None, None], ['H', None, None, None], ['H', None, None, None], ['H', None, None, None], ['H', None, None, None], ['H', None, None, None], ['H', None, None, None], ['H', None, None, None], ['H', None, None, None], ['H', None, None, None], ['H', None, None, None], ['H', None, None, None], ['H', None, None, None], ['H', None, None, None], ['H', None, None, None], ['H', None, None, None], ['H', None, None, None]]","[['O', -0.926997, -0.154975, 1.401553], ['C', -1.650407, -0.191644, 0.171477], ['C', -1.118079, -1.307945, -0.747443], ['C', 0.2927, -1.071103, -1.315375], ['C', -3.094891, -0.495848, 0.567168], ['C', -1.599543, 1.134168, -0.552771], ['C', 1.36086, -1.066044, -0.255923], ['C', 2.248373, -0.086793, 0.03167], ['C', 3.259865, -0.271122, 1.135401], ['C', 2.344973, 1.22923, -0.694489], ['C', -1.056557, 2.258131, -0.060918], ['H', -1.133637, -2.243245, -0.172549], ['H', -1.819428, -1.425997, -1.584192], ['H', 0.303717, -0.142248, -1.893143], ['H', 0.50999, -1.885295, -2.020607], ['H', -3.148476, -1.485252, 1.032247], ['H', -3.438925, 0.253732, 1.285369], ['H', -3.750395, -0.475427, -0.309117], ['H', -2.067813, 1.14739, -1.538938], ['H', 1.417994, -1.978769, 0.342825], ['H', 0.01203, -0.130104, 1.169658], ['H', 3.158555, -1.247299, 1.617341], ['H', 3.144804, 0.507733, 1.899344], ['H', 4.278882, -0.182255, 0.739725], ['H', 1.560787, 1.368089, -1.438903], ['H', 2.284714, 2.05946, 0.01965], ['H', 3.319379, 1.306287, -1.193017], ['H', -1.073477, 3.182592, -0.630177], ['H', -0.602135, 2.270035, 0.924886]]",https://pubs.rsc.org/image/article/2019/cp/c9cp05583e/c9cp05583e-f3_hi-res.gif,no
https://pubs.acs.org/doi/10.1021/jz200031w,strawberry aldehyde (t-aa),C_12 H_14 O_3,"[1214.7279, 287.7666, 269.4624]","[['C', 1210.8446, 284.8473, 266.71941], ['C', 1209.6641, 285.3218, 267.5032], ['C', 1211.1281, 286.586, 268.5947], ['C', 1214.6186, 287.2578, 269.0095], ['C', 1209.7631, 286.621, 268.6365], ['C', 1207.537, 285.5076, 267.4495], ['C', 1212.3926, 287.7404, 269.33052], ['C', 1200.78081, 287.3586, 269.1188], ['C', 1213.04389, 287.6689, 269.4066], ['C', 1213.88673, 287.065, 268.8198], ['C', 1213.0769, 285.116, 267.06274], ['C', 1201.2188, 284.4777, 265.9168], ['H', None, None, None], ['H', None, None, None], ['H', None, None, None], ['H', None, None, None], ['H', None, None, None], ['H', None, None, None], ['H', None, None, None], ['H', None, None, None], ['H', None, None, None], ['H', None, None, None], ['H', None, None, None], ['H', None, None, None], ['H', None, None, None], ['H', None, None, None], ['O', None, None, None], ['O', None, None, None], ['O', None, None, None]]","[['C', 4.2409, 1.154, 0.152], ['C', 3.677, 0.463, 1.243], ['C', 2.4561, 0.174, 1.102], ['C', 1.7677, 0.194, None], ['C', 2.3539, 0.475, 1.2211], ['C', 3.5726, 1.1622, 1.074], ['C', 0.372, 0.884, 0.147], ['C', 0.167, 1.5236, 1.587], ['C', 0.452, 0.43, 0.628], ['C', 2.0613, 0.491, 0.221], ['C', 4.0403, 0.744, 0.144], ['C', 4.502, 2.1857, None], ['H', None, None, None], ['H', None, None, None], ['H', None, None, None], ['H', None, None, None], ['H', None, None, None], ['H', None, None, None], ['H', None, None, None], ['H', None, None, None], ['H', None, None, None], ['H', None, None, None], ['H', None, None, None], ['H', None, None, None], ['H', None, None, None], ['H', None, None, None], ['O', None, None, None], ['O', None, None, None], ['O', None, None, None]]",,https://pubs.acs.org/cms/10.1021/jz200031w/asset/images/large/jz-2011-00031w_0005.jpeg,unknown
https://pubs.acs.org/doi/10.1021/jz200031w,strawberry aldehyde (c-sg-),C_12 H_14 O_3,"[728.0952, 628.6917, 429.8484]","[['C', 726.558, 621.7746, 426.0717], ['C', 725.9358, 622.6981, 427.42466], ['C', 726.495, 625.773, 429.0222], ['C', 727.5943, 627.9608, 429.32858], ['C', 726.6158, 625.9161, 429.04895], ['C', 726.08, 622.926, 427.3869], ['C', 724.8056, 628.72375, 428.7178], ['C', 717.7331, 628.3965, 426.22437], ['C', 726.0546, 626.93679, 428.32344], ['C', 728.0512, 625.80129, 428.52794], ['C', 722.8353, 625.6675, 426.80834], ['C', 719.6068, 628.2169, 426.70099], ['H', None, None, None], ['H', None, None, None], ['H', None, None, None], ['H', None, None, None], ['H', None, None, None], ['H', None, None, None], ['H', None, None, None], ['H', None, None, None], ['H', None, None, None], ['H', None, None, None], ['H', None, None, None], ['H', None, None, None], ['H', None, None, None], ['H', None, None, None], ['O', None, None, None], ['O', None, None, None], ['O', None, None, None]]","[['C', 3.0047, 1.1869, None], ['C', 2.4761, 0.7237, 1.2618], ['C', 1.4961, 0.149, 1.2314], ['C', 0.9743, 0.69, None], ['C', 1.4723, 0.142, 1.184], ['C', 2.4699, 0.814, 1.1482], ['C', None, 1.7765, None], ['C', 0.401, 3.1377, 0.455], ['C', 1.503, 1.3904, None], ['C', 1.9112, None, 0.258], ['C', 1.8577, 2.2204, 0.536], ['C', 0.7116, 2.8596, 0.251], ['H', None, None, None], ['H', None, None, None], ['H', None, None, None], ['H', None, None, None], ['H', None, None, None], ['H', None, None, None], ['H', None, None, None], ['H', None, None, None], ['H', None, None, None], ['H', None, None, None], ['H', None, None, None], ['H', None, None, None], ['H', None, None, None], ['H', None, None, None], ['O', None, None, None], ['O', None, None, None], ['O', None, None, None]]",,https://pubs.acs.org/cms/10.1021/jz200031w/asset/images/large/jz-2011-00031w_0005.jpeg,unknown
https://pubs.acs.org/doi/full/10.1021/acs.jpca.1c01733,2-acetylfuran (anti),C_6 H_6 O_2,"[4852.12131, 1631.236495, 1230.588617]","[['O', 4753.7145, 1625.85294, 1221.13177], ['C', 4851.26803, 1631.3219, 1230.58544], ['C', 4788.2318, 1626.61962, 1223.82807], ['C', 4836.0802, 1605.28043, 1214.751159], ['C', 4826.69153, 1609.52367, 1216.583064], ['C', 4851.62252, 1620.83887, 1224.630867], ['O', 4733.6625, 1588.78241, 1198.81329], ['C', 4785.32782, 1608.39059, 1213.29183], ['H', None, None, None], ['H', None, None, None], ['H', None, None, None], ['H', None, None, None], ['H', None, None, None], ['H', None, None, None]]","[['O', 0.7178, 1.049, None], ['C', 0.129, 0.133, None], ['C', 0.9371, 1.1846, None], ['C', 2.24264, 0.5963, None], ['C', 2.04745, 0.7503, None], ['C', 1.4137, 0.103, None], ['O', 2.03777, 1.1737, None], ['C', 2.09637, 1.2221, None], ['H', None, None, None], ['H', None, None, None], ['H', None, None, None], ['H', None, None, None], ['H', None, None, None], ['H', None, None, None]]","[['O', 0.715984, -1.045023, 0.0], ['C', 0.051541, 0.148445, 0.0], ['C', 0.955769, 1.191884, 0.0], ['C', 2.247673, 0.597436, 0.0], ['C', 2.042607, -0.762492, 0.0], ['C', -1.422266, 0.125699, 0.0], ['O', -2.04642, 1.179473, 0.0], ['C', -2.090746, -1.230285, 0.0], ['H', 2.705835, -1.614404, 0.0], ['H', 3.207501, 1.093792, 0.0], ['H', 0.693267, 2.239893, 0.0], ['H', -1.783984, -1.801361, 0.881399], ['H', -3.172299, -1.092036, 0.0], ['H', -1.783984, -1.801361, -0.881399]]",https://pubs.acs.org/cms/10.1021/acs.jpca.1c01733/asset/images/large/jp1c01733_0002.jpeg,yes
https://www.sciencedirect.com/science/article/pii/S0022286016305245,2-methyltetrahydrofuran (equatorial),C_5 H_10 O_1,"[6591.56823, 3170.370175, 2367.116054]","[['O', 6396.2301, 3169.66061, 2342.29427], ['C', 6579.70964, 3157.13442, 2361.30876], ['C', 6461.87441, 3170.0043, 2349.94423], ['C', 6551.07431, 3123.72913, 2336.11689], ['C', 6534.23752, 3134.65551, 2340.12997], ['C', 6590.28755, 3080.86383, 2317.01145], ['H', None, None, None], ['H', None, None, None], ['H', None, None, None], ['H', None, None, None], ['H', None, None, None], ['H', None, None, None], ['H', None, None, None], ['H', None, None, None], ['H', None, None, None], ['H', None, None, None]]","[['O', 0.104, 1.0792, 0.1747], ['C', 0.729, 0.051, 0.3774], ['C', 0.14, 1.2464, 0.039], ['C', 1.54132, 0.6932, 0.104], ['C', 1.3428, 0.824, 0.118], ['C', 2.15737, 0.018, 0.123], ['H', None, None, None], ['H', None, None, None], ['H', None, None, None], ['H', None, None, None], ['H', None, None, None], ['H', None, None, None], ['H', None, None, None], ['H', None, None, None], ['H', None, None, None], ['H', None, None, None]]","[['O', 0.042233, -1.078513, -0.164183], ['C', 0.723104, 0.054846, 0.371842], ['C', -0.106556, 1.234211, -0.132217], ['C', -1.545881, 0.703287, 0.000489], ['C', -1.352061, -0.834856, 0.0298], ['C', 2.164577, 0.020354, -0.087965], ['H', 0.673774, 0.017865, 1.474567], ['H', 0.068557, 2.152838, 0.434577], ['H', 0.148147, 1.411784, -1.182315], ['H', -2.005424, 1.051441, 0.929629], ['H', -2.179457, 1.022962, -0.829954], ['H', -1.668013, -1.249319, 0.996701], ['H', -1.885751, -1.354584, -0.768542], ['H', 2.703101, 0.894308, 0.291373], ['H', 2.663421, -0.882132, 0.274424], ['H', 2.202297, 0.02726, -1.181188]]",https://ars.els-cdn.com/content/image/1-s2.0-S0022286016305245-gr8.jpg,yes
https://pubs.rsc.org/en/content/articlelanding/2022/CP/D2CP02404G,4-hydroxy-2-butanone (I),C_4 H_8 O_2,"[7284.498, 2286.3371, 1926.7979]","[['C', 7267.838, 2230.7721, 1886.94], ['C', 7284.002, 2277.8139, 1920.7433], ['C', 7177.579, 2286.2596, 1919.2203], ['C', 7236.999, 2261.3914, 1908.3336], ['O', 6969.553, 2276.927, 1899.7777], ['H', None, None, None], ['H', None, None, None], ['H', None, None, None], ['H', None, None, None], ['H', None, None, None], ['H', None, None, None], ['H', None, None, None], ['H', None, None, None], ['O', None, None, None]]","[['C', 2.341, 0.318, 0.254], ['C', 0.909, 0.08, 0.09], ['C', 0.07, 1.019, 0.05], ['C', 1.507, 0.532, 0.426], ['O', 0.614, 1.233, 0.296], ['H', None, None, None], ['H', None, None, None], ['H', None, None, None], ['H', None, None, None], ['H', None, None, None], ['H', None, None, None], ['H', None, None, None], ['H', None, None, None], ['O', None, None, None]]",,https://pubs.rsc.org/image/article/2022/cp/d2cp02404g/d2cp02404g-f2_hi-res.gif,unknown
https://pubs.aip.org/aip/jcp/article/158/15/154304/2884533,a-pinene oxide,C_10 H_16 O_1,"[1726.71952, 1092.35191, 968.23479]","[['C', 1720.4015, 1090.161, 967.957], ['C', 1724.9625, 1089.02183, 965.28418], ['C', 1721.4047, 1086.35389, 964.32972], ['C', 1707.049, 1089.47355, 964.06316], ['C', 1717.803, 1090.13622, 963.81451], ['C', 1709.9532, 1088.07344, 965.52835], ['C', 1726.1856, 1088.32659, 964.92859], ['C', 1708.2239, 1084.53754, 963.02249], ['O', 1720.676, 1071.56547, 951.22344], ['H', None, None, None], ['H', None, None, None], ['H', None, None, None], ['H', None, None, None], ['H', None, None, None], ['H', None, None, None], ['H', None, None, None], ['H', None, None, None], ['H', None, None, None], ['H', None, None, None], ['H', None, None, None], ['H', None, None, None], ['H', None, None, None], ['H', None, None, None], ['H', None, None, None], ['H', None, None, None], ['C', 1723.6656, 1074.93691, 954.49869], ['C', 1706.8298, 1084.34373, 955.88732]]","[['C', -0.04408, -0.38152, 0.9658], ['C', 1.1654, -0.49182, 0.24384], ['C', 1.3712, 0.48179, -0.82617], ['C', 0.23427, 1.47239, -1.10161], ['C', -0.9499, 1.22404, -0.18419], ['C', -0.45161, 1.10819, 1.28606], ['C', -1.30763, -0.29024, -0.07798], ['C', -1.21489, -1.14217, -1.3778], ['O', 2.08416, 0.60544, 0.42104], ['H', None, None, None], ['H', None, None, None], ['H', None, None, None], ['H', None, None, None], ['H', None, None, None], ['H', None, None, None], ['H', None, None, None], ['H', None, None, None], ['H', None, None, None], ['H', None, None, None], ['H', None, None, None], ['H', None, None, None], ['H', None, None, None], ['H', None, None, None], ['H', None, None, None], ['H', None, None, None], ['C', -2.69224, -0.52765, 0.51107], ['C', 1.82138, -1.85567, 0.21401]]","[['C', -0.128576, 0.353167, -0.980142], ['C', 1.220122, 0.441909, -0.279239], ['C', -0.939705, -1.227097, 0.182008], ['C', -1.258306, 0.304502, 0.110739], ['C', -0.46041, -1.127971, -1.290238], ['C', 1.898872, 1.783654, -0.26055], ['C', -1.122405, 1.145037, 1.377499], ['C', -2.640276, 0.566431, -0.491135], ['O', 2.108227, -0.689702, -0.462408], ['H', -0.22055, 1.095148, -1.783387], ['H', -1.776789, -1.896205, 0.416734], ['H', 2.075763, -0.301719, 1.623789], ['H', 0.374689, -1.763475, -1.588801], ['H', -1.277748, -1.222194, -2.00642], ['H', -0.016829, -1.38853, 2.141195], ['H', 0.610731, -2.540031, 0.954718], ['H', 1.228684, 2.544077, 0.154935], ['H', 2.811513, 1.743573, 0.340804], ['H', 2.16421, 2.081797, -1.281126], ['H', -0.14645, 1.050834, 1.859159], ['H', -1.285015, 2.205547, 1.147924], ['H', -1.887712, 0.844559, 2.104333], ['H', -2.831032, -0.023361, -1.391195], ['H', -3.419685, 0.324821, 0.241768], ['H', -2.741932, 1.626581, -0.753236], ['C', 1.4082, -0.544965, 0.796479], ['C', 0.267874, -1.5053, 1.087589]]",https://pubs.aip.org/view-large/figure/84444578/154304_1_5.0147909.figures.online.f2.jpg,no
